Method,CTGAN,GaussianCopula,K-IPO,SMOTE,TabDDPM,TVAE
CTGAN,1.0,0.16813438715801587,0.7796701158175778,0.9496484748780877,0.4275251320750708,0.9739803876884497
GaussianCopula,0.16813438715801587,1.0,0.003232199608481645,0.6777834438144821,0.9959248010834587,0.594680148035732
K-IPO,0.7796701158175778,0.003232199608481645,1.0,0.238812041143026,0.019074448135724342,0.30275979391396424
SMOTE,0.9496484748780877,0.6777834438144821,0.238812041143026,1.0,0.9269002715456524,0.9999954557555648
TabDDPM,0.4275251320750708,0.9959248010834587,0.019074448135724342,0.9269002715456524,1.0,0.8820968224058089
TVAE,0.9739803876884497,0.594680148035732,0.30275979391396424,0.9999954557555648,0.8820968224058089,1.0
