Method,CTGAN,GaussianCopula,K-IPO,SMOTE,TabDDPM,TVAE
CTGAN,1.0,0.20136306659540937,0.5664504990014758,0.9797842375671387,0.3260395134037005,0.9845906805326936
GaussianCopula,0.20136306659540937,1.0,0.001194553995348846,0.6227407893345338,0.9998584169610254,0.594680148035732
K-IPO,0.5664504990014758,0.001194553995348846,1.0,0.16813438715801632,0.003232199608481645,0.18422379412190237
SMOTE,0.9797842375671387,0.6227407893345338,0.16813438715801632,1.0,0.7796701158175776,0.9999999811504905
TabDDPM,0.3260395134037005,0.9998584169610254,0.003232199608481645,0.7796701158175776,1.0,0.7555508726786806
TVAE,0.9845906805326936,0.594680148035732,0.18422379412190237,0.9999999811504905,0.7555508726786806,1.0
