Method,CTGAN,GaussianCopula,K-IPO,SMOTE,TabDDPM,TVAE
CTGAN,1.0,0.16813438715801632,0.6227407893345338,0.9797842375671387,0.3752516513416827,0.9916256577518653
GaussianCopula,0.16813438715801632,1.0,0.001194553995348846,0.5664504990014758,0.9982903264489418,0.4821345598208244
K-IPO,0.6227407893345338,0.001194553995348846,1.0,0.20136306659540937,0.006033975036594641,0.2591109813554203
SMOTE,0.9797842375671387,0.5664504990014758,0.20136306659540937,1.0,0.8245251499850726,0.9999954557555648
TabDDPM,0.3752516513416827,0.9982903264489418,0.006033975036594641,0.8245251499850726,1.0,0.7555508726786806
TVAE,0.9916256577518653,0.4821345598208244,0.2591109813554203,0.9999954557555648,0.7555508726786806,1.0
