Method,CTGAN,GaussianCopula,K-IPO,SMOTE,TabDDPM,TVAE
CTGAN,1.0,0.9959248010834588,0.001982226032045231,0.9998584169610254,0.9389671895787319,0.938967189578732
GaussianCopula,0.9959248010834588,1.0,0.0002358962545071508,0.9739803876884499,0.704481648096321,0.9982903264489418
K-IPO,0.001982226032045231,0.0002358962545071508,1.0,0.005177601318689384,0.04673625440062168,3.2616334718515994e-05
SMOTE,0.9998584169610254,0.9739803876884499,0.005177601318689384,1.0,0.9845906805326935,0.8450785498283231
TabDDPM,0.9389671895787319,0.704481648096321,0.04673625440062168,0.9845906805326935,1.0,0.4275251320750708
TVAE,0.938967189578732,0.9982903264489418,3.2616334718515994e-05,0.8450785498283231,0.4275251320750708,1.0
