Method,CTGAN,GaussianCopula,K-IPO,SMOTE,TabDDPM,TVAE
CTGAN,1.0,0.9999993986076617,0.0023376790163411876,0.9589973903152619,0.9670814239778862,0.8450785498283226
GaussianCopula,0.9999993986076617,1.0,0.003232199608481645,0.9739803876884497,0.9797842375671387,0.8026943230489758
K-IPO,0.0023376790163411876,0.003232199608481645,1.0,0.04138960743840592,0.0365739599784477,1.1330407001408638e-05
SMOTE,0.9589973903152619,0.9739803876884497,0.04138960743840592,1.0,0.9999999811504905,0.32603951340369997
TabDDPM,0.9670814239778862,0.9797842375671387,0.0365739599784477,0.9999999811504905,1.0,0.3502244170290383
TVAE,0.8450785498283226,0.8026943230489758,1.1330407001408638e-05,0.32603951340369997,0.3502244170290383,1.0
