Method,CTGAN,GaussianCopula,K-IPO,SMOTE,TabDDPM,TVAE
CTGAN,1.0,0.005177601318689384,1.3385778041552499e-08,0.006033975036594641,0.9797842375671387,0.997302554036363
GaussianCopula,0.005177601318689384,1.0,0.10271359395545188,0.9999999811504905,0.0002846146427638585,0.02490802244114243
K-IPO,1.3385778041552499e-08,0.10271359395545188,1.0,0.09241776471477381,1.1408862743422787e-10,2.230286958448957e-07
SMOTE,0.006033975036594641,0.9999999811504905,0.09241776471477381,1.0,0.00034275609268519247,0.0283719712971362
TabDDPM,0.9797842375671387,0.0002846146427638585,1.1408862743422787e-10,0.00034275609268519247,1.0,0.8450785498283228
TVAE,0.997302554036363,0.02490802244114243,2.230286958448957e-07,0.0283719712971362,0.8450785498283228,1.0
