Method,CTGAN,GaussianCopula,K-IPO,SMOTE,TabDDPM,TVAE
CTGAN,1.0,0.2388120411430258,0.9940653231276914,0.30275979391396335,0.07430211590163993,0.594680148035732
GaussianCopula,0.2388120411430258,1.0,0.5664504990014758,0.9999954557555648,0.9959248010834587,0.9916256577518653
K-IPO,0.9940653231276914,0.5664504990014758,1.0,0.6504895337726577,0.2591109813554203,0.8984766633695749
SMOTE,0.30275979391396335,0.9999954557555648,0.6504895337726577,1.0,0.98850263963399,0.997302554036363
TabDDPM,0.07430211590163993,0.9959248010834587,0.2591109813554203,0.98850263963399,1.0,0.8820968224058087
TVAE,0.594680148035732,0.9916256577518653,0.8984766633695749,0.997302554036363,0.8820968224058087,1.0
