Method,CTGAN,GaussianCopula,K-IPO,SMOTE,TabDDPM,TVAE
CTGAN,1.0,0.2804368019968255,0.997302554036363,0.25911098135542077,0.42752513207507115,0.6504895337726584
GaussianCopula,0.2804368019968255,1.0,0.5664504990014754,0.9999999811504905,0.9998584169610254,0.9916256577518653
K-IPO,0.997302554036363,0.5664504990014754,1.0,0.5381926756595731,0.7304475201125404,0.8984766633695747
SMOTE,0.25911098135542077,0.9999999811504905,0.5381926756595731,1.0,0.9996978840365892,0.98850263963399
TabDDPM,0.42752513207507115,0.9998584169610254,0.7304475201125404,0.9996978840365892,1.0,0.9994196152859195
TVAE,0.6504895337726584,0.9916256577518653,0.8984766633695747,0.98850263963399,0.9994196152859195,1.0
