Method,CTGAN,GaussianCopula,K-IPO,SMOTE,TabDDPM,TVAE
CTGAN,1.0,0.2013630665954098,0.967081423977886,0.7796701158175776,0.3260395134037005,0.9739803876884499
GaussianCopula,0.2013630665954098,1.0,0.02490802244114243,0.9269002715456524,0.9998584169610254,0.6504895337726584
K-IPO,0.967081423977886,0.02490802244114243,1.0,0.2804368019968253,0.05265662905464741,0.6227407893345338
SMOTE,0.7796701158175776,0.9269002715456524,0.2804368019968253,1.0,0.9797842375671387,0.9940653231276914
TabDDPM,0.3260395134037005,0.9998584169610254,0.05265662905464741,0.9797842375671387,1.0,0.8026943230489758
TVAE,0.9739803876884499,0.6504895337726584,0.6227407893345338,0.9940653231276914,0.8026943230489758,1.0
