Method,CTGAN,GaussianCopula,K-IPO,SMOTE,TabDDPM,TVAE
CTGAN,1.0,0.8984766633695749,0.003232199608481645,0.16813438715801654,0.4275251320750708,0.9999993986076617
GaussianCopula,0.8984766633695749,1.0,3.2616334718515994e-05,0.008145576171112445,0.9670814239778861,0.9269002715456524
K-IPO,0.003232199608481645,3.2616334718515994e-05,1.0,0.7796701158175772,4.629409328105183e-07,0.0023376790163411876
SMOTE,0.16813438715801654,0.008145576171112445,0.7796701158175772,1.0,0.00034275609268519247,0.13904022606820754
TabDDPM,0.4275251320750708,0.9670814239778861,4.629409328105183e-07,0.00034275609268519247,1.0,0.4821345598208244
TVAE,0.9999993986076617,0.9269002715456524,0.0023376790163411876,0.13904022606820754,0.4821345598208244,1.0
