Method,CTGAN,GaussianCopula,K-IPO,SMOTE,TabDDPM,TVAE
CTGAN,1.0,0.594680148035732,0.9496484748780877,0.9496484748780878,0.16813438715801632,0.8820968224058089
GaussianCopula,0.594680148035732,1.0,0.1259875441123357,0.9797842375671386,0.9739803876884499,0.9959248010834587
K-IPO,0.9496484748780877,0.1259875441123357,1.0,0.482134559820824,0.014484027465472726,0.35022441702903806
SMOTE,0.9496484748780878,0.9797842375671386,0.482134559820824,1.0,0.6777834438144821,0.9999424790035639
TabDDPM,0.16813438715801632,0.9739803876884499,0.014484027465472726,0.6777834438144821,1.0,0.8026943230489758
TVAE,0.8820968224058089,0.9959248010834587,0.35022441702903806,0.9999424790035639,0.8026943230489758,1.0
