Method,CTGAN,GaussianCopula,K-IPO,SMOTE,TabDDPM,TVAE
CTGAN,1.0,0.9797842375671387,7.330245682224401e-06,0.001416967175716266,0.9999999811504905,0.9797842375671387
GaussianCopula,0.9797842375671387,1.0,1.358613858082336e-07,6.01928813174224e-05,0.9845906805326936,0.7044816480963214
K-IPO,7.330245682224401e-06,1.358613858082336e-07,1.0,0.8642862329642022,5.8801990722168185e-06,0.0002358962545071508
SMOTE,0.001416967175716266,6.01928813174224e-05,0.8642862329642022,1.0,0.001194553995348846,0.019074448135724342
TabDDPM,0.9999999811504905,0.9845906805326936,5.8801990722168185e-06,0.001194553995348846,1.0,0.9739803876884499
TVAE,0.9797842375671387,0.7044816480963214,0.0002358962545071508,0.019074448135724342,0.9739803876884499,1.0
